.metric,.estimator,mean,n,std_err,.config
rmse,standard,15.839375427647848,10,0.22734988047059942,Preprocessor1_Model1
rsq,standard,0.8919283204926947,10,0.0024273533005026277,Preprocessor1_Model1
