.metric,.estimator,mean,n,std_err,.config
rmse,standard,15.854154421336268,10,0.22507031420815402,Preprocessor1_Model1
rsq,standard,0.8917970748569303,10,0.0024005426075640146,Preprocessor1_Model1
