name,.metric,.estimator,mean,n,std_err,.config
1,rmse,standard,15.566757549385583,10,0.21365529858048188,Preprocessor1_Model1
1 and 2,rmse,standard,15.839375427647848,10,0.22734988047059942,Preprocessor1_Model1
"1, 2, and 3",rmse,standard,15.966529229384948,10,0.2439894443772768,Preprocessor1_Model1
