.metric,.estimator,mean,n,std_err,.config
rmse,standard,14.145522238170033,10,0.2714559380144698,Preprocessor1_Model1
rsq,standard,0.9133520162768886,10,0.0030112750021054862,Preprocessor1_Model1
