.metric,.estimator,mean,n,std_err,.config
rmse,standard,14.158461486583953,10,0.2761615753057988,Preprocessor1_Model1
rsq,standard,0.9133220264057311,10,0.0030365049244582775,Preprocessor1_Model1
